{"cameraMode":{"drawMode":0,"name":"Shaded","section":"Shading Mode"},"sceneLighting":true,"audioPlay":false,"sceneViewState":{"m_AlwaysRefresh":false,"showFog":true,"showSkybox":true,"showFlares":true,"showImageEffects":true,"showParticleSystems":true,"showVisualEffectGraphs":true,"m_FxEnabled":true},"in2DMode":false,"pivot":{"x":0.5777179002761841,"y":-12.551874160766602,"z":-33.11569595336914},"rotation":{"x":-0.0042268033139407639,"y":0.9718900918960571,"z":-0.23474785685539246,"w":-0.01749977096915245},"size":17.192930221557618,"orthographic":false}